n_train,max_depth,CPU,EQBIN_dw,EQBIN_lg,GPU,LGB,EQBIN_lg-LGB,CPU-GPU
500000,5,0.41211400000000004,0.401301,0.401301,0.409144,0.4068415933314835,-0.00554059333148349,0.002970000000000028
500000,10,0.273445,0.27220900000000003,0.27220900000000003,0.271721,0.27255165562068345,-0.0003426556206834186,0.0017240000000000033
500000,15,0.23451,0.23003600000000002,0.23003600000000002,0.234994,0.22924510949812604,0.0007908905018739754,-0.0004840000000000122
1000000,5,0.38571700000000003,0.383646,0.383646,0.384889,0.3833186574569025,0.00032734254309746413,0.0008280000000000509
1000000,10,0.254092,0.251396,0.251396,0.25184,0.24727819352547176,0.004117806474528252,0.0022519999999999762
1000000,15,0.21071399999999998,0.20795,0.20795,0.21130500000000002,0.2092878481461916,-0.001337848146191617,-0.0005910000000000359
2000000,5,0.383887,0.383766,0.383766,0.383376,0.3827920801188605,0.0009739198811394845,0.0005109999999999837
2000000,10,0.236233,0.232339,0.232339,0.230341,0.2310721568691698,0.0012668431308301975,0.005892000000000008
2000000,15,0.18403,0.180096,0.180096,0.18393099999999998,0.1813245018252774,-0.001228501825277395,9.900000000001574e-05
