,XGB,XGB_GPU,LGB
0,0.689803,0.689802,0.689838945866
1,0.686855,0.686853,0.686876177788
2,0.684253,0.684262,0.684301972389
3,0.681925,0.681934,0.681961715221
4,0.679897,0.679905,0.679947555065
5,0.677957,0.678025,0.678042531013
6,0.676047,0.676253,0.676084935665
7,0.674511,0.674694,0.674562036991
8,0.673011,0.672966,0.673054993153
9,0.67133,0.671672,0.671668767929
