,XGB,XGB_GPU,LGB
0,0.689569,0.689569,0.689563453197
1,0.686441,0.68644,0.68645721674
2,0.683822,0.683822,0.683749258518
3,0.681441,0.681452,0.681335270405
4,0.679316,0.679328,0.679309368134
5,0.677341,0.677374,0.677463173866
6,0.675662,0.675686,0.675660669804
7,0.674115,0.674124,0.674083173275
8,0.672565,0.67255,0.672617733479
9,0.67115,0.671135,0.67131716013
