,XGB,XGB_GPU,LGB
0,0.689717,0.689716,0.689743578434
1,0.686676,0.686674,0.686691761017
2,0.684001,0.68401,0.684040129185
3,0.681631,0.681638,0.681663155556
4,0.67955,0.679558,0.679590702057
5,0.677556,0.677621,0.67762285471
6,0.675588,0.675774,0.67559838295
7,0.673997,0.674173,0.674002707005
8,0.67243,0.672375,0.672474384308
9,0.670715,0.671034,0.671063959599
