,XGB,XGB_GPU,LGB
0,0.689601,0.6896,0.689584672451
1,0.686491,0.686489,0.686486542225
2,0.683951,0.683947,0.683847427368
3,0.681615,0.681615,0.681513130665
4,0.679516,0.679516,0.679512381554
5,0.677561,0.677592,0.677677094936
6,0.675914,0.675945,0.675933003426
7,0.674412,0.674421,0.674387514591
8,0.672907,0.672888,0.672949910164
9,0.671571,0.67155,0.671686112881
