,XGB,XGB_GPU,LGB
0,0.68396,0.683916,0.683793962002
1,0.675849,0.675802,0.675605595112
2,0.668773,0.668764,0.668303132057
3,0.662654,0.662677,0.662168681622
4,0.656615,0.656849,0.656456708908
5,0.651499,0.651505,0.650983512402
6,0.646723,0.646752,0.646098136902
7,0.642152,0.642335,0.641520857811
8,0.638032,0.638313,0.637583553791
9,0.634113,0.634503,0.633542656898
