,XGB,XGB_GPU,LGB
0,0.683222,0.68324,0.683215618134
1,0.674145,0.674212,0.674263060093
2,0.666306,0.666326,0.666458964348
3,0.659205,0.659171,0.659187018871
4,0.652638,0.652293,0.65300744772
5,0.646145,0.646494,0.646557629108
6,0.640773,0.641104,0.6409471035
7,0.635724,0.636172,0.636166989803
8,0.631026,0.631501,0.630995631218
9,0.626563,0.626998,0.626549065113
