,XGB,XGB_GPU,LGB
0,0.683301,0.683281,0.683201730251
1,0.674593,0.674574,0.674485743046
2,0.666982,0.666992,0.666741013527
3,0.660376,0.66041,0.660135090351
4,0.653809,0.654104,0.653939247131
5,0.648253,0.648259,0.648038983345
6,0.643075,0.643056,0.642732858658
7,0.63805,0.638205,0.637743711472
8,0.633527,0.633724,0.633403301239
9,0.629173,0.629509,0.629022955894
