,XGB,XGB_GPU,LGB
0,0.684093,0.684119,0.683993399143
1,0.675868,0.675902,0.675826489925
2,0.66878,0.668763,0.66877579689
3,0.662439,0.662405,0.662267327309
4,0.656658,0.656273,0.656821787357
5,0.650914,0.651236,0.651110112667
6,0.64626,0.646524,0.646174669266
7,0.641955,0.642252,0.642114341259
8,0.637947,0.638258,0.637651622295
9,0.634066,0.634431,0.633797287941
